model_type,outcome,param,coef,se,pval,pre_mean,rkf,nobs
"OLS","total_contributions_q100","var3",.0143585266175233,1.0369848,.98895258,49.920048,,229857
"OLS","total_contributions_q100","var5",8.949733032684275,2.6428525,.00070894492,49.920048,,229857
"OLS","total_contributions_q100","var4",-7.003794957445356,2.0330725,.00057185924,49.920048,,229857
"IV","total_contributions_q100","var3",-6.878490374325696,9.8030891,.4828923,49.920048,92.08064441393536,229857
"IV","total_contributions_q100","var5",15.81906196610292,10.82928,.14408797,49.920048,92.08064441393536,229857
"IV","total_contributions_q100","var4",-10.95401784652428,6.5958362,.096772939,49.920048,92.08064441393536,229857
