endovar,param,coef,se,pval,partialF,rkf,nobs
"var3","var6",-.1475937776696947,.010875175,0,450.4796820958841,92.080643,229857
"var3","var7",.7173223745928072,.023898933,0,450.4796820958841,92.080643,229857
"var3","var4",-.1638555031227641,.011561313,0,450.4796820958841,92.080643,229857
"var5","var6",-2.01519878830e-06,.000059884467,.97315514,368.8931515353485,92.080643,229857
"var5","var7",.5687296805983753,.021011936,0,368.8931515353485,92.080643,229857
"var5","var4",.4967146169668801,.0092962533,0,368.8931515353485,92.080643,229857
