model_type,outcome,param,coef,se,pval,pre_mean,rkf,nobs
"OLS","total_contributions_q100","var3",-1.039558051803845,.48515707,.032141689,49.90929,,245105
"OLS","total_contributions_q100","var5",5.122111444410834,1.2462252,.000039633436,49.90929,,245105
"OLS","total_contributions_q100","var4",-5.552720434958133,1.0736134,2.3281052e-07,49.90929,,245105
"IV","total_contributions_q100","var3",-5.936246538568175,3.9641445,.13427562,49.90929,137.9196011874627,245105
"IV","total_contributions_q100","var5",8.699744360996132,5.4572344,.1109071,49.90929,137.9196011874627,245105
"IV","total_contributions_q100","var4",-7.623261802379078,4.1116309,.063736722,49.90929,137.9196011874627,245105
