model_type,outcome,param,coef,se,pval,pre_mean,rkf,nobs
"OLS","total_contributions_q100","var3",-1.032797643184642,.48182631,.032079194,49.920048,,229862
"OLS","total_contributions_q100","var5",5.175072567321815,1.2362417,.000028442397,49.920048,,229862
"OLS","total_contributions_q100","var4",-5.526523659032316,1.0658239,2.1694051e-07,49.920048,,229862
"IV","total_contributions_q100","var3",-7.151334050066255,3.898685,.066618681,49.920048,140.5966417248474,229862
"IV","total_contributions_q100","var5",9.937200707170559,5.3707223,.064285181,49.920048,140.5966417248474,229862
"IV","total_contributions_q100","var4",-8.364158847681283,4.04877,.038849656,49.920048,140.5966417248474,229862
