model_type,outcome,param,coef,se,pval,pre_mean,rkf,nobs
"OLS","total_contributions_q100","var3",-1.032797643184659,.48182631,.032079194,49.920048,,229862
"OLS","total_contributions_q100","var5",5.175072567319768,1.2362417,.000028442397,49.920048,,229862
"OLS","total_contributions_q100","var4",-5.526523659031777,1.0658239,2.1694051e-07,49.920048,,229862
"IV","total_contributions_q100","var3",-7.151334050071492,3.898685,.066618681,49.920048,140.5966417384162,229862
"IV","total_contributions_q100","var5",9.937200707182781,5.3707223,.064285181,49.920048,140.5966417384162,229862
"IV","total_contributions_q100","var4",-8.364158847690634,4.04877,.038849656,49.920048,140.5966417384162,229862
