endovar,param,coef,se,pval,partialF,rkf,nobs
"var3","var6",.2333198409818147,.013965348,0,325.4576224350586,140.59665,229862
"var3","var7",.1579692258657232,.024648832,1.4696282e-10,325.4576224350586,140.59665,229862
"var3","var4",.0943005301819005,.016446708,9.8385406e-09,325.4576224350586,140.59665,229862
"var5","var6",-.0007647211246805,.00042121665,.069447584,186.5512708488865,140.59665,229862
"var5","var7",.3892968169446617,.020211611,0,186.5512708488865,140.59665,229862
"var5","var4",.5984335337778244,.013733747,0,186.5512708488865,140.59665,229862
