endovar,param,coef,se,pval,partialF,rkf,nobs
"var3","var6",.2326682576279922,.012296747,0,277.8827434797107,180.12698,229710
"var3","var7",.0924879053774674,.026176,.00041047329,277.8827434797107,180.12698,229710
"var3","var4",.1135290385084183,.022030286,2.5613261e-07,277.8827434797107,180.12698,229710
"var5","var6",-.0006356838870945,.0003536068,.072223678,100.7433492276053,180.12698,229710
"var5","var7",.3249353125456655,.02307467,0,100.7433492276053,180.12698,229710
"var5","var4",.5825156705759746,.019755766,0,100.7433492276053,180.12698,229710
