endovar,param,coef,se,pval,partialF,rkf,nobs
"var3","var6",.2298305830905996,.013892966,0,323.2304641071642,137.9196,245105
"var3","var7",.1598242563492511,.024518678,7.1166524e-11,323.2304641071642,137.9196,245105
"var3","var4",.093894132866304,.016353514,9.3938359e-09,323.2304641071642,137.9196,245105
"var5","var6",-.0007992044062138,.00043274229,.064772002,187.2490735413537,137.9196,245105
"var5","var7",.3876889630328186,.020093482,0,187.2490735413537,137.9196,245105
"var5","var4",.5999040838364507,.013649644,0,187.2490735413537,137.9196,245105
