endovar,param,coef,se,pval,partialF,rkf,nobs
"var3","var6",-.1475937776691721,.010875175,0,23.41260015104911,.34531078,229857
"var3","var7",.717322374591467,.023898933,0,23.41260015104911,.34531078,229857
"var3","var4",-.1638555031223608,.011561313,0,23.41260015104911,.34531078,229857
"var5","var6",-2.01519880368e-06,.000059884467,.97315514,.3640925032656874,.34531078,229857
"var5","var7",.5687296805990134,.021011936,0,.3640925032656874,.34531078,229857
"var5","var4",.4967146169667611,.0092962533,0,.3640925032656874,.34531078,229857
