model_type,outcome,param,coef,se,pval,pre_mean,rkf,nobs
"OLS","total_contributions_q100","var3",-.2699276179744003,.44499317,.54412806,49.908962,,229710
"OLS","total_contributions_q100","var4",-1.265465159653097,.33250141,.00014152825,49.908962,,229710
"IV","total_contributions_q100","var3",-1.896496939858562,2.7301087,.48727301,49.908962,538.0437738458928,229710
"IV","total_contributions_q100","var4",-.9465791105114296,.62714636,.13121994,49.908962,538.0437738458928,229710
