model_type,outcome,param,coef,se,pval,pre_mean,rkf,nobs
"OLS","total_contributions_q100","var3",-.2771410000292091,.44493112,.53336394,49.920048,,229862
"OLS","total_contributions_q100","var4",-1.286031375159115,.33232003,.0001090917,49.920048,,229862
"IV","total_contributions_q100","var3",-3.609241537925409,2.8205414,.20068458,49.920048,543.257190761522,229862
"IV","total_contributions_q100","var4",-.6319906022001847,.64276206,.32549503,49.920048,543.257190761522,229862
"OLS","restricted_contributions_q100","var3",-.505514189329498,.46288866,.27480268,48.480015,,229862
"OLS","restricted_contributions_q100","var4",-1.671315658623479,.33414003,5.7053450e-07,48.480015,,229862
"IV","restricted_contributions_q100","var3",-3.363677672374335,2.911309,.24794124,48.480015,543.2571905593004,229862
"IV","restricted_contributions_q100","var4",-1.110301537819899,.65394658,.089545235,48.480015,543.2571905593004,229862
