model_type,outcome,param,coef,se,pval,pre_mean,rkf,nobs
"OLS","total_contributions_q100","var3",-.277141000029262,.44493112,.53336394,49.920048,,229862
"OLS","total_contributions_q100","var4",-1.286031375158917,.33232003,.0001090917,49.920048,,229862
"IV","total_contributions_q100","var3",-3.609241537923166,2.8205414,.20068458,49.920048,543.2571906851028,229862
"IV","total_contributions_q100","var4",-.6319906022005222,.64276206,.32549503,49.920048,543.2571906851028,229862
