endovar,param,coef,se,pval,partialF,rkf,nobs
"var3","var6",.2731365330752373,.011718635,0,543.2571909146927,543.2572,229862
"var3","var4",.1954814552667626,.004198425,0,543.2571909146927,543.2572,229862
