endovar,param,coef,se,pval,partialF,rkf,nobs
"var3","var6",.2525385376368637,.010887266,0,538.0437738458971,538.04376,229710
"var3","var4",.1884476242413038,.0042734337,0,538.0437738458971,538.04376,229710
