endovar,param,coef,se,pval,partialF,rkf,nobs
"var3","var6",.2731365330752149,.011718635,0,543.257190801884,543.2572,229862
"var3","var4",.1954814552667583,.004198425,0,543.257190801884,543.2572,229862
