model_type,outcome,param,coef,se,pval,pre_mean,rkf,nobs
"OLS","total_contributions_q100","var3_hybrid",.998987918278766,.30122298,.00091263658,49.920048,,224708
"OLS","total_contributions_q100","var5_hybrid",-2.690689574307919,.71498543,.00016796992,49.920048,,224708
"OLS","total_contributions_q100","var4",-.6220574372996381,.41555953,.13442419,49.920048,,224708
"IV","total_contributions_q100","var3_hybrid",4.818879667038551,2.0737619,.020145152,49.920048,181.7410558326626,224708
"IV","total_contributions_q100","var5_hybrid",-6.529380292979607,2.8372998,.021382399,49.920048,181.7410558326626,224708
"IV","total_contributions_q100","var4",1.610132850916901,1.3618933,.2371044,49.920048,181.7410558326626,224708
