model_type,outcome,param,coef,se,pval,pre_mean,rkf,nobs
"OLS","total_contributions_q100","var3_hybrid",1.11291272592365,.30402803,.0002520163,49.90929,,239315
"OLS","total_contributions_q100","var5_hybrid",-2.848487154858012,.72336429,.000082372171,49.90929,,239315
"OLS","total_contributions_q100","var4",-.5996987092827261,.42144763,.15475926,49.90929,,239315
"IV","total_contributions_q100","var3_hybrid",4.687328687731425,2.0905089,.024954693,49.90929,180.4538432153367,239315
"IV","total_contributions_q100","var5_hybrid",-6.362625503319116,2.8704145,.026654977,49.90929,180.4538432153367,239315
"IV","total_contributions_q100","var4",1.468961356589612,1.3761617,.28578305,49.90929,180.4538432153367,239315
