endovar,param,coef,se,pval,partialF,rkf,nobs
"var3","var6",.233319840981784,.013965348,0,325.4576224277519,140.59665,229862
"var3","var7",.1579692258657547,.024648832,1.4696282e-10,325.4576224277519,140.59665,229862
"var3","var4",.0943005301818752,.016446708,9.8385406e-09,325.4576224277519,140.59665,229862
"var5","var6",-.0007647211246837,.00042121665,.069447584,186.5512711060966,140.59665,229862
"var5","var7",.3892968169446567,.020211611,0,186.5512711060966,140.59665,229862
"var5","var4",.5984335337778044,.013733747,0,186.5512711060966,140.59665,229862
