model_type,outcome,param,coef,se,pval,pre_mean,rkf,nobs
"OLS","total_contributions_q100","var3",-.6745245658239124,.2996158,.02437268,49.920048,,229862
"OLS","total_contributions_q100","var5",2.805605922111167,.6916467,.000049937265,49.920048,,229862
"OLS","total_contributions_q100","var4",-3.044992185815784,.54810995,2.7887866e-08,49.920048,,229862
"IV","total_contributions_q100","var3",-3.089262425758177,1.6754093,.065208137,49.920048,371.3759038760898,229862
"IV","total_contributions_q100","var5",4.38497383994103,2.409318,.068766393,49.920048,371.3759038760898,229862
"IV","total_contributions_q100","var4",-3.292541036660189,1.3697046,.01622924,49.920048,371.3759038760898,229862
