model_type,outcome,param,coef,se,pval,pre_mean,rkf,nobs
"OLS","total_contributions_q100","var3_fullrem",-.8558644557513946,.30975932,.0057302592,49.920048,,224708
"OLS","total_contributions_q100","var5_fullrem",3.393155057621996,.7075814,1.6298633e-06,49.920048,,224708
"OLS","total_contributions_q100","var4",-3.73448138528651,.56153554,2.9637123e-11,49.920048,,224708
"IV","total_contributions_q100","var3_fullrem",-4.108657756612682,1.7663928,.020023307,49.920048,311.5122977272083,224708
"IV","total_contributions_q100","var5_fullrem",5.6092668734794,2.448735,.021987792,49.920048,311.5122977272083,224708
"IV","total_contributions_q100","var4",-4.143131604921097,1.3697433,.0024901647,49.920048,311.5122977272083,224708
