model_type,outcome,param,coef,se,pval,pre_mean,rkf,nobs
"OLS","total_contributions_q100","var3",-.4248344773038735,.72817194,.55963385,85.657608,,52995
"OLS","total_contributions_q100","var4",-2.306078570411151,.47967941,1.5744780e-06,85.657608,,52995
"IV","total_contributions_q100","var3",-.0009877154838414,5.1511021,.99984699,85.657608,102.5991045893935,52995
"IV","total_contributions_q100","var4",-2.390115911697857,1.0917804,.028630758,85.657608,102.5991045893935,52995
