endovar,param,coef,se,pval,partialF,rkf,nobs
"var3","var6",.2828595021747922,.02574111,4.6553328e-28,120.7499576718227,120.74995,52949
"var3","var4",.192600626679602,.009011412,0,120.7499576718227,120.74995,52949
