model_type,outcome,param,coef,se,pval,pre_mean,rkf,nobs
"OLS","total_contributions_q100","var3",.3064353455782293,.37724674,.41662693,35.407059,,519099
"OLS","total_contributions_q100","var4",-1.55553302855932,.40134513,.00010641904,35.407059,,519099
"IV","total_contributions_q100","var3",21.73251700075261,4.3483958,5.8187970e-07,35.407059,323.3403403372649,519099
"IV","total_contributions_q100","var4",-6.674782905945224,1.1153747,2.1882960e-09,35.407059,323.3403403372649,519099
