model_type,outcome,param,coef,se,pval,pre_mean,rkf,nobs
"OLS","total_contributions_q100","var3",.3064353455783433,.37724674,.41662693,35.407059,,519099
"OLS","total_contributions_q100","var4",-1.55553302855908,.40134513,.00010641904,35.407059,,519099
"IV","total_contributions_q100","var3",21.73251700075256,4.3483958,5.8187970e-07,35.407059,323.3403403372649,519099
"IV","total_contributions_q100","var4",-6.674782905945212,1.1153747,2.1882960e-09,35.407059,323.3403403372649,519099
"OLS","restricted_contributions_q100","var3",-.0202935192746885,.11181612,.85598367,9.6957922,,519099
"OLS","restricted_contributions_q100","var4",-.3892439531577458,.15923902,.014512944,9.6957922,,519099
"IV","restricted_contributions_q100","var3",1.333016844967856,1.1701463,.25463045,9.6957922,323.3403403372649,519099
"IV","restricted_contributions_q100","var4",-.7125851047354659,.32622105,.028940503,9.6957922,323.3403403372649,519099
