endovar,param,coef,se,pval,partialF,rkf,nobs
"var3","var6",.1759165869775634,.0070085363,0,630.0266365440939,630.02661,518971
"var3","var4",.2264625113002646,.004619366,0,630.0266365440939,630.02661,518971
