endovar,param,coef,se,pval,partialF,rkf,nobs
"var3","var6",.1757022832974043,.0048207622,0,887.1483159768749,664.97595,1226001
"var3","var7",.1372272604628384,.015623988,1.5920903e-18,887.1483159768749,664.97595,1226001
"var3","var4",.0999623898616831,.013157848,3.0289370e-14,887.1483159768749,664.97595,1226001
"var5","var6",-.0000594199490786,.00010633722,.57630658,221.8523990944293,664.97595,1226001
"var5","var7",.3117363775800802,.014799444,0,221.8523990944293,664.97595,1226001
"var5","var4",.5795705810318817,.012577801,0,221.8523990944293,664.97595,1226001
