bucket,coef3,se3,pval3,coef5,se5,pval5,rkf,nobs
1,-50.5414391752494,20.558935,.013977341,59.87408123348125,26.92737,.026206335,5.986830918495986,46715
2,-3.090964826722619,4.0027609,.43999738,7.217140029078017,5.4912333,.18875486,145.0173652921193,177907
