endovar,param,coef,se,pval,partialF,rkf,nobs
"var3","var6",.2786278225451987,.027507599,4.3206906e-24,102.5991045603413,102.59911,52995
"var3","var4",.2001318832217945,.0088459048,0,102.5991045603413,102.59911,52995
