endovar,param,coef,se,pval,partialF,rkf,nobs
"var3","var6",.7724678960765097,.0242556,0,525.4195828708138,18.30415,41742
"var3","var7",-.3494726126158846,.073999256,2.3354660e-06,525.4195828708138,18.30415,41742
"var3","var4",.4460508239346734,.065382123,9.0868355e-12,525.4195828708138,18.30415,41742
"var5","var6",-1.55840161525e-11,5.1697985e-08,.9997595,18.33768741318274,18.30415,41742
"var5","var7",.4229951349011778,.069911011,1.4564214e-09,18.33768741318274,18.30415,41742
"var5","var4",.4971251916833979,.062730625,2.3422157e-15,18.33768741318274,18.30415,41742
