endovar,param,coef,se,pval,partialF,rkf,nobs
"var3","var6",.2528288514493074,.034899734,4.4026490e-13,60.08066579478589,26.053556,52995
"var3","var7",.0865586271727881,.054047287,.10926453,60.08066579478589,26.053556,52995
"var3","var4",.1437402492653343,.036567446,.000084764528,60.08066579478589,26.053556,52995
"var5","var6",.0008959177539756,.00032157585,.0053378451,36.85148512860355,26.053556,52995
"var5","var7",.337536011102413,.041252166,2.8482547e-16,36.85148512860355,26.053556,52995
"var5","var4",.6494953173529189,.028424038,0,36.85148512860355,26.053556,52995
