endovar,param,coef,se,pval,partialF,rkf,nobs
"var3","var6",.2930331285024567,.030985989,3.2977663e-21,60.53201582121348,44.525391,52949
"var3","var7",-.0388867192917411,.054916367,.47888136,60.53201582121348,44.525391,52949
"var3","var4",.224657497166393,.046665292,1.4818363e-06,60.53201582121348,44.525391,52949
"var5","var6",.0006371502926364,.00027154852,.018961586,18.2211288402492,44.525391,52949
"var5","var7",.2530354413021736,.045305453,2.3473547e-08,18.2211288402492,44.525391,52949
"var5","var4",.6584277535290983,.039259683,0,18.2211288402492,44.525391,52949
