model_type,outcome,param,coef,se,pval,pre_mean,rkf,nobs
"OLS","total_contributions_q100","var3",.2889849763447774,.24213323,.23267692,38.951942,,1226001
"OLS","total_contributions_q100","var4",-.6340537501480994,.22201505,.00429196,38.951942,,1226001
"IV","total_contributions_q100","var3",13.53739095370423,1.8550788,2.9447771e-13,38.951942,1654.387440422685,1226001
"IV","total_contributions_q100","var4",-3.589244132887073,.46731621,1.5924248e-14,38.951942,1654.387440422685,1226001
