model_type,outcome,param,coef,se,pval,pre_mean,rkf,nobs
"OLS","total_contributions_q100","var3",.2910415204105485,.24212624,.22935595,38.957355,,1226437
"OLS","total_contributions_q100","var4",-.6419849811504884,.22172746,.0037874891,38.957355,,1226437
"IV","total_contributions_q100","var3",15.33758830191339,2.3090084,3.0932153e-11,38.957355,1090.650807677865,1226437
"IV","total_contributions_q100","var4",-4.001751483135322,.56072122,9.5908828e-13,38.957355,1090.650807677865,1226437
"OLS","restricted_contributions_q100","var3",-.1317158352889363,.1146024,.25042203,16.327028,,1226437
"OLS","restricted_contributions_q100","var4",-.623420754976806,.12772682,1.0570184e-06,16.327028,,1226437
"IV","restricted_contributions_q100","var3",.5744908443480453,1.0257725,.57544142,16.327028,1090.650807677865,1226437
"IV","restricted_contributions_q100","var4",-.7811107273137716,.26165691,.002833887,16.327028,1090.650807677865,1226437
