endovar,param,coef,se,pval,partialF,rkf,nobs
"var3","var6",.1707265124487069,.0072703818,0,326.7499510191095,275.71573,518971
"var3","var7",.0902960329771958,.026960243,.00081042509,326.7499510191095,275.71573,518971
"var3","var4",.1519903632487644,.022897551,3.1861788e-11,326.7499510191095,275.71573,518971
"var5","var6",5.29368959931e-06,.000097014585,.95648432,50.76617030085637,275.71573,518971
"var5","var7",.2602139044345979,.025851848,7.8819945e-24,50.76617030085637,275.71573,518971
"var5","var4",.6280719643753921,.022103226,0,50.76617030085637,275.71573,518971
