endovar,param,coef,se,pval,partialF,rkf,nobs
"var3","var6",.76528962859561,.026410516,0,839.6491690889143,839.64917,41980
"var3","var4",.1855759817763464,.01255904,0,839.6491690889143,839.64917,41980
