model_type,outcome,param,coef,se,pval,pre_mean,rkf,nobs
"OLS","growth_rate_we","var3",.012996981700029,.005284735,.01396736,.11446521,,41742
"OLS","growth_rate_we","var4",-.0625023256277102,.0074446043,6.6515135e-17,.11446521,,41742
"IV","growth_rate_we","var3",.0153643376424078,.010558383,.14570977,.11446521,982.7268670891301,41742
"IV","growth_rate_we","var4",-.0631815724456114,.0079395724,2.3477754e-15,.11446521,982.7268670891301,41742
