endovar,param,coef,se,pval,partialF,rkf,nobs
"var3","var6",.7249156788703147,.023124432,0,982.7268670891336,982.72687,41742
"var3","var4",.1600057107226065,.012810189,9.7471261e-36,982.7268670891336,982.72687,41742
