bucket,coef3,se3,pval3,coef5,se5,pval5,rkf,nobs
1,-22.31469085815412,6.8354549,.0011039933,10.14339119564893,17.334023,.55845904,13.88411050389779,27504
2,-17.56954057725774,10.543556,.095672935,31.29653694768928,13.517359,.020619603,14.0081506059349,49129
3,-2.737374780324477,4.939517,.57946163,6.62871569268879,6.4744558,.30592752,103.6848117729761,147989
